word,split,n_compare,n_earlier,n_later,gold_change_rate,Mean_e[cos_L5],Mean_l[cos_L5],Mean_c[cos_L5],DELTA_LATER[cos_L5],COMPARE[cos_L5],DELTA_COMPARE[cos_L5],Mean_e[cos_L8],Mean_l[cos_L8],Mean_c[cos_L8],DELTA_LATER[cos_L8],COMPARE[cos_L8],DELTA_COMPARE[cos_L8],Mean_e[cos_L12],Mean_l[cos_L12],Mean_c[cos_L12],DELTA_LATER[cos_L12],COMPARE[cos_L12],DELTA_COMPARE[cos_L12],Mean_e[cos_sent],Mean_l[cos_sent],Mean_c[cos_sent],DELTA_LATER[cos_sent],COMPARE[cos_sent],DELTA_COMPARE[cos_sent],Mean_e[jaccard],Mean_l[jaccard],Mean_c[jaccard],DELTA_LATER[jaccard],COMPARE[jaccard],DELTA_COMPARE[jaccard],Mean_e[simlr],Mean_l[simlr],Mean_c[simlr],DELTA_LATER[simlr],COMPARE[simlr],DELTA_COMPARE[simlr],Mean_e[finetuned],Mean_l[finetuned],Mean_c[finetuned],DELTA_LATER[finetuned],COMPARE[finetuned],DELTA_COMPARE[finetuned]
parasol,train,100,100,100,0.85,2.91477,2.9922192,2.8909433,0.07744932,2.8909433,-0.0238266,2.8422804,2.9244072,2.7902775,0.082126856,2.7902775,-0.052002907,2.9340155,2.943942,2.8978248,0.009926558,2.8978248,-0.03619075,3.1658714,3.2537713,3.1719637,0.08789992,3.1719637,0.00609231,1.2633949419680017,1.3689035281027513,1.2764405726729975,0.10550858613474956,1.2764405726729975,0.013045630704995759,2.2585915300063992,2.2964061581852415,2.135146829975594,0.03781462817884229,2.135146829975594,-0.12344470003080543,2.3233943,1.3775288,1.5925953,-0.9458655,1.5925953,-0.73079896
moxie,test,97,100,100,0.8350515463917526,2.9739027,3.165037,2.9062567,0.19113421,2.9062567,-0.06764603,2.8045218,2.9429896,2.571458,0.13846779,2.571458,-0.2330637,2.8901603,2.875828,2.5685706,-0.014332294,2.5685706,-0.3215897,3.2882984,3.2660327,3.1659224,-0.022265673,3.1659224,-0.122375965,1.281919605423179,1.4737327896544246,1.3267879120927526,0.1918131842312456,1.3267879120927526,0.04486830666957364,2.3471295561243513,2.547440884477233,2.0977309742258097,0.2003113283528819,2.0977309742258097,-0.24939858189854158,2.1133628,1.243201,1.534694,-0.8701618,1.534694,-0.57866883
folklore,train,76,100,100,0.9210526315789473,2.8939316,3.071772,2.8379676,0.17784047,2.8379676,-0.055963993,2.9233987,2.9697835,2.7913954,0.04638481,2.7913954,-0.1320033,3.0734208,2.9080706,2.8500533,-0.1653502,2.8500533,-0.22336745,3.3739502,3.1554193,3.1560588,-0.2185309,3.1560588,-0.21789145,1.208795680112697,1.3871289748043734,1.2385072675947773,0.17833329469167647,1.2385072675947773,0.02971158748208036,2.490259111269314,2.6007030285673256,2.3292727825332458,0.1104439172980114,2.3292727825332458,-0.16098632873606844,1.9131393,1.0868483,1.2613741,-0.8262911,1.2613741,-0.6517652
unlabeled,test,100,100,100,0.9,3.0200775,2.8298528,2.669198,-0.19022465,2.669198,-0.35087943,3.0490987,2.6825376,2.5668576,-0.36656117,2.5668576,-0.48224115,3.3253646,2.7313495,2.7200887,-0.5940151,2.7200887,-0.60527587,3.4016082,3.1429377,3.1955237,-0.25867057,3.1955237,-0.20608449,1.2039795858938325,1.3383532214841747,1.2468109068777418,0.1343736355903422,1.2468109068777418,0.04283132098390929,2.4936306437886957,1.998911848425274,1.8696014233420886,-0.4947187953634218,1.8696014233420886,-0.6240292204466071,2.0431435,1.3357913,1.6003605,-0.70735216,1.6003605,-0.442783
vanguard,test,99,100,100,0.9595959595959596,2.5860162,2.8513384,2.6617136,0.2653222,2.6617136,0.07569742,2.4796827,2.6091647,2.4621453,0.12948203,2.4621453,-0.017537355,2.5602276,2.5966427,2.4732008,0.0364151,2.4732008,-0.087026834,3.225915,3.188037,3.2168264,-0.037878036,3.2168264,-0.009088516,1.2268431676977698,1.3267413542035527,1.263277861743914,0.09989818650578286,1.263277861743914,0.03643469404614419,1.8790951287497826,2.1394429519375904,1.9250899612740495,0.2603478231878078,1.9250899612740495,0.04599483252426695,1.6465678,1.1609702,1.3468546,-0.4855976,1.3468546,-0.29971325
virus,train,95,100,100,0.4842105263157894,2.895063,3.072152,2.904299,0.17708898,2.904299,0.009236097,2.8486383,2.9543502,2.8201923,0.10571194,2.8201923,-0.02844596,3.107942,3.1211996,3.0799837,0.0132575035,3.0799837,-0.027958393,3.297747,3.4234643,3.3237681,0.1257174,3.3237681,0.026021242,1.293884186131779,1.245306914712659,1.2676380174136448,-0.04857727141911994,1.2676380174136448,-0.026246168718134122,2.2699651584861447,2.637030491551686,2.325950946315657,0.3670653330655411,2.325950946315657,0.05598578782951247,2.7391932,2.3094957,2.6618814,-0.4296975,2.6618814,-0.077311754
milker,test,99,100,100,0.505050505050505,2.5625155,2.7705772,2.8285604,0.2080617,2.8285604,0.26604486,2.6024308,2.7783225,2.7912955,0.17589164,2.7912955,0.18886471,2.717462,2.8456461,2.9756253,0.12818408,2.9756253,0.2581632,3.1406717,3.1933646,3.156495,0.05269289,3.156495,0.015823364,1.2397542547959153,1.4413719645320902,1.3346836537134499,0.20161770973617488,1.3346836537134499,0.0949293989175346,2.364001973205361,2.3904271821218974,2.117704372194717,0.026425208916536214,2.117704372194717,-0.24629760101064413,2.6593606,2.26447,2.4508302,-0.39489055,2.4508302,-0.20853043
gala,test,100,100,100,0.45999999999999996,2.697012,2.861331,2.7899346,0.16431904,2.7899346,0.09292269,2.67493,2.9165814,2.7728128,0.2416513,2.7728128,0.09788275,2.5047028,2.7153924,2.5473948,0.21068954,2.5473948,0.042691946,3.1848438,3.1401422,3.096179,-0.044701576,3.096179,-0.08866477,1.2664009996217958,1.5063349985642336,1.3568423145521766,0.23993399894243783,1.3568423145521766,0.09044131493038088,2.173799034722099,2.233028732616491,2.1773238791999314,0.05922969789439225,2.1773238791999314,0.0035248444778326338,1.7810272,1.4209831,1.507998,-0.36004412,1.507998,-0.2730292
primo,validation,100,100,100,0.77,2.619835,2.7172482,2.6844378,0.0974133,2.6844378,0.06460285,2.653077,2.6741724,2.6605587,0.021095514,2.6605587,0.0074818134,2.61808,2.5937316,2.612471,-0.024348259,2.612471,-0.005608797,3.1133914,3.0770054,3.0773902,-0.036386013,3.0773902,-0.036001205,1.2974274297356012,1.3479702744305746,1.3121495661919154,0.05054284469497339,1.3121495661919154,0.01472213645631415,1.9545627868746862,1.958158756549187,1.936056876043876,0.0035959696745007097,1.936056876043876,-0.0185059108308101,1.5888655,1.3291101,1.5261737,-0.25975537,1.5261737,-0.06269181
pyre,test,98,100,100,0.326530612244898,2.6927733,2.6969092,2.6790192,0.004135847,2.6790192,-0.013754129,2.9050522,2.921245,2.8792183,0.016192913,2.8792183,-0.025833845,3.1417952,3.1242416,3.0921955,-0.017553568,3.0921955,-0.049599648,3.253314,3.431792,3.3466494,0.178478,3.3466494,0.09333539,1.2313881210697424,1.2045468793616247,1.212073599487577,-0.026841241708117636,1.212073599487577,-0.01931452158216529,2.049029474766038,2.219129437209322,2.0970306285771816,0.17009996244328418,2.0970306285771816,0.04800115381114356,2.7405603,2.5076492,2.5467715,-0.23291111,2.5467715,-0.19378877
ido,test,91,100,100,0.8351648351648352,2.5541677,2.6727157,2.5674672,0.11854792,2.5674672,0.013299465,2.6102593,2.656321,2.6212084,0.046061754,2.6212084,0.010949135,2.3229394,2.3029387,2.3548687,-0.020000696,2.3548687,0.031929255,3.011181,2.89478,2.9182112,-0.116401196,2.9182112,-0.092969894,1.3869917022808949,1.4295929724667922,1.3414377859114326,0.04260127018589732,1.3414377859114326,-0.045553916369462266,1.9368627429544705,2.0521609798134586,1.9510699183488376,0.1152982368589881,1.9510699183488376,0.01420717539436711,1.336514,1.157918,1.2213182,-0.17859602,1.2213182,-0.11519575
launchpad,test,99,100,100,0.8181818181818181,2.6833801,2.8017113,2.729002,0.118331194,2.729002,0.045621872,2.5880008,2.7583773,2.652268,0.17037654,2.652268,0.06426716,2.7271512,2.9279375,2.8427343,0.20078635,2.8427343,0.11558318,3.2414057,3.2791107,3.1888778,0.037704945,3.1888778,-0.052527905,1.2712074384892675,1.2289211248564522,1.2347671834572904,-0.04228631363281532,1.2347671834572904,-0.03644025503197712,1.9372203018179144,2.089205915928078,1.9347078201542947,0.15198561411016365,1.9347078201542947,-0.0025124816636197256,1.2852904,1.1954443,1.343116,-0.089846015,1.343116,0.057825685
turnip,train,99,100,100,0.9595959595959596,2.777987,3.3559823,2.7657294,0.5779953,2.7657294,-0.012257576,2.7481272,3.3347986,2.7886167,0.58667135,2.7886167,0.040489435,2.911362,3.4826682,2.888014,0.5713062,2.888014,-0.023347855,3.353129,3.3319883,3.3011436,-0.021140575,3.3011436,-0.051985264,1.26702062999105,1.600819613008417,1.295638846446259,0.3337989830173669,1.295638846446259,0.0286182164552089,2.2019701816279387,2.6161504765928116,2.1115701963408777,0.41418029496487296,2.1115701963408777,-0.09039998528706095,1.1216801,1.0503235,1.1077834,-0.071356654,1.1077834,-0.013896704
airdrop,test,98,100,100,0.40816326530612246,2.8286474,3.013928,2.972827,0.18528056,2.972827,0.14417958,2.6800265,2.8911085,2.8129406,0.21108198,2.8129406,0.13291407,2.5266144,2.821656,2.7695925,0.29504156,2.7695925,0.2429781,3.1045153,3.1469762,3.1702535,0.04246092,3.1702535,0.0657382,1.3250722905884942,1.3297307876106337,1.320663801652223,0.004658497022139496,1.320663801652223,-0.004408488936271215,2.2081136798877874,2.281712027431753,2.279941673376432,0.07359834754396566,2.279941673376432,0.07182799348864455,1.1225045,1.1143963,1.1721796,-0.008108139,1.1721796,0.049675107
teargas,train,96,100,100,0.03125,2.8949926,2.9112725,2.8652656,0.016279936,2.8652656,-0.029726982,2.8873334,2.855317,2.7878342,-0.032016277,2.7878342,-0.099499226,2.8307946,2.7958965,2.714845,-0.034898043,2.714845,-0.11594963,3.2553744,3.3042486,3.294843,0.04887414,3.294843,0.039468527,1.2533490505529337,1.2159275333326305,1.231980071342845,-0.03742151722030318,1.231980071342845,-0.021368979210088623,2.600406341633697,2.6797626392906633,2.6433401141799577,0.07935629765696639,2.6433401141799577,0.04293377254626085,3.977087,3.9754865,3.9485981,-0.0016005039,3.9485981,-0.028488874
burnham,test,100,100,100,0.16000000000000003,3.167908,3.2269623,3.2039766,0.059054375,3.2039766,0.036068678,2.9601214,3.0922728,3.0215507,0.13215137,3.0215507,0.061429262,2.7875566,2.935052,2.8681731,0.14749527,2.8681731,0.080616474,3.1891172,3.201757,3.164953,0.012639761,3.164953,-0.0241642,1.348569801002944,1.3077004207932978,1.3558206610959902,-0.040869380209646256,1.3558206610959902,0.0072508600930460965,2.837605926519132,3.008255804573665,2.8733724030067016,0.17064987805453313,2.8733724030067016,0.03576647648756959,1.3035572,1.3021747,1.3405844,-0.0013824701,1.3405844,0.03702724
lotte,validation,98,100,100,0.4387755102040817,2.9815803,3.1391218,3.0254285,0.15754151,3.0254285,0.043848276,2.672185,2.9323227,2.7666454,0.2601378,2.7666454,0.09446049,2.6087475,2.788416,2.658801,0.17966843,2.658801,0.050053596,3.1456013,3.169223,3.166905,0.023621798,3.166905,0.021303654,1.334942410440312,1.450559267696297,1.3475983700499485,0.11561685725598503,1.3475983700499485,0.012655959609636502,2.3677437190448933,2.474734266260511,2.400445448149295,0.10699054721561785,2.400445448149295,0.03270172910440161,1.1037209,1.1584908,1.1273772,0.054769874,1.1273772,0.023656249
bullpen,test,99,100,100,0.09090909090909094,2.9275382,3.0254295,3.003238,0.09789133,3.003238,0.075699806,2.8616714,2.921837,2.9752197,0.060165644,2.9752197,0.11354828,3.1174064,3.03669,3.1666667,-0.08071637,3.1666667,0.049260378,3.248258,3.2079074,3.2061348,-0.040350676,3.2061348,-0.042123318,1.210869194119843,1.3365672117874512,1.2667560551417087,0.12569801766760813,1.2667560551417087,0.055886861021865686,2.430907086164984,2.466803987793421,2.4442079283356635,0.03589690162843695,2.4442079283356635,0.013300842170679505,3.217403,3.2780252,3.2607129,0.060622215,3.2607129,0.043309927
monet,test,98,100,100,0.9489795918367347,2.622453,2.751254,2.7170856,0.1288011,2.7170856,0.094632626,2.451376,2.4742308,2.4910972,0.022854805,2.4910972,0.03972125,2.3797293,2.4528239,2.4637632,0.07309461,2.4637632,0.084033966,3.0194945,3.171023,3.113597,0.15152836,3.113597,0.09410238,1.3159758968993907,1.3967926090519855,1.3184896931928507,0.0808167121525949,1.3184896931928507,0.0025137962934600466,1.955172522157389,2.1427608698700418,2.151209599354392,0.18758834771265276,2.151209599354392,0.19603707719700303,1.3853579,1.4473325,1.4215022,0.061974645,1.4215022,0.036144376
pogrom,train,98,100,100,0.05102040816326525,2.8752193,2.9095829,3.021469,0.03436351,3.021469,0.14624977,2.8899925,2.8332148,2.984827,-0.056777716,2.984827,0.094834566,2.9726353,2.861828,3.147939,-0.11080718,3.147939,0.1753037,3.4540827,3.3907056,3.4483492,-0.06337714,3.4483492,-0.00573349,1.0930710021600532,1.120966924508405,1.1889369907368588,0.02789592234835192,1.1889369907368588,0.09586598857680562,2.7948080945973515,2.7849885730986137,2.8273084945539395,-0.009819521498737771,2.8273084945539395,0.032500399956588044,3.8716307,3.9474993,3.8506134,0.07586861,3.8506134,-0.021017313
crt,test,99,100,100,0.6868686868686869,2.9123404,2.940358,2.913986,0.02801752,2.913986,0.001645565,2.758809,2.7285779,2.7433321,-0.030231237,2.7433321,-0.015476942,2.731911,2.623142,2.752821,-0.10876894,2.752821,0.020910025,3.120799,3.3674862,3.20892,0.24668717,3.20892,0.08812094,1.2840295975835694,1.2612500135824651,1.254854515287471,-0.022779584001104247,1.254854515287471,-0.02917508229609833,2.131582395052513,2.403502218060563,2.2468094161152026,0.2719198230080502,2.2468094161152026,0.11522702106268978,1.1259706,1.221585,1.2206066,0.09561443,1.2206066,0.09463596
impostor,validation,98,100,100,0.7653061224489796,3.0483658,2.9279032,2.859274,-0.120462656,2.859274,-0.18909192,2.8816977,2.7289963,2.6106093,-0.15270138,2.6106093,-0.27108836,3.1651576,2.9521527,2.8058128,-0.21300483,2.8058128,-0.35934472,3.4130104,3.181282,3.237801,-0.23172832,3.237801,-0.17520928,1.3042551696701734,1.359914564099253,1.3087661848794045,0.05565939442907952,1.3087661848794045,0.0045110152092311395,2.5597832849819477,2.1673828289399735,2.151304648563971,-0.39240045604197427,2.151304648563971,-0.40847863641797666,1.5797578,1.6915509,1.5707383,0.11179304,1.5707383,-0.009019494
ventilator,train,94,100,100,0.17021276595744683,3.0297565,3.065219,3.0041692,0.03546238,3.0041692,-0.02558732,3.0050406,2.9690104,2.9347277,-0.036030293,2.9347277,-0.07031298,3.2051067,3.084272,3.103522,-0.12083483,3.103522,-0.10158467,3.4697285,3.496781,3.4273338,0.02705264,3.4273338,-0.042394638,1.198236246248613,1.2347578511584805,1.1993882812709968,0.036521604909867555,1.1993882812709968,0.0011520350223839237,2.696376472286273,2.7591104977712386,2.63535677977139,0.06273402548496554,2.63535677977139,-0.06101969251488315,3.7980573,3.910554,3.7741091,0.112496614,3.7741091,-0.023948193
entanglement,train,99,100,100,0.898989898989899,2.8569398,3.0420318,2.93613,0.18509197,2.93613,0.079190254,2.7803838,2.9550703,2.82297,0.17468643,2.82297,0.04258609,3.0712926,3.1451972,3.1048584,0.073904514,3.1048584,0.03356576,3.4245365,3.153894,3.200069,-0.27064252,3.200069,-0.22446752,1.2096754275359265,1.3931699899542207,1.2720699610581991,0.1834945624182942,1.2720699610581991,0.062394533522272644,2.3589912779409787,2.2605511368952644,2.2192593486562835,-0.0984401410457143,2.2192593486562835,-0.13973192928469524,1.284666,1.4681267,1.3325883,0.18346071,1.3325883,0.047922373
containment,train,92,100,100,0.3369565217391305,2.6576135,2.7950974,2.7542756,0.13748384,2.7542756,0.096662045,2.7953982,2.7163978,2.7755659,-0.07900047,2.7755659,-0.019832373,2.9428787,2.921556,2.9348023,-0.021322727,2.9348023,-0.008076429,3.2868578,3.3470995,3.3088439,0.0602417,3.3088439,0.021986008,1.1995226077460015,1.2070456048591531,1.2071519078411506,0.0075229971131516304,1.2071519078411506,0.007629300095149061,2.435017565181896,2.2952349315329568,2.3649697494935196,-0.1397826336489394,2.3649697494935196,-0.07004781568837659,3.1352875,3.330903,3.0801916,0.19561553,3.0801916,-0.05509591
recount,validation,100,100,100,0.29000000000000004,2.9215515,3.142828,3.0414906,0.22127652,3.0414906,0.11993909,2.843754,2.9717438,2.9449933,0.12798977,2.9449933,0.101239204,3.0175822,3.1384864,3.2143915,0.12090421,3.2143915,0.19680929,3.2382214,3.2663305,3.2843592,0.028109074,3.2843592,0.04613781,1.2378240152848243,1.2888305675607905,1.230364994882918,0.05100655227596618,1.230364994882918,-0.007459020401906269,2.3180819969259105,2.471370594311553,2.3800764984577945,0.1532885973856426,2.3800764984577945,0.061994501531883905,3.512207,3.7577267,3.622395,0.24551964,3.622395,0.11018801
villager,train,99,100,100,0.6464646464646464,2.9688532,3.0157208,2.959939,0.04686761,2.959939,-0.008914232,2.6803465,2.7672076,2.653403,0.08686113,2.653403,-0.026943445,2.8430536,2.9510725,2.8100672,0.108018875,2.8100672,-0.032986403,3.281764,3.3738701,3.286948,0.092106104,3.286948,0.005183935,1.2887780829623008,1.310016219374684,1.2781258853978694,0.021238136412383257,1.2781258853978694,-0.010652197564431365,2.1971420940860362,2.3226606356994663,2.199784225833641,0.12551854161343012,2.199784225833641,0.002642131747604637,2.374442,2.6967926,2.2994874,0.3223505,2.2994874,-0.07495475
delta,test,98,100,100,1.0,2.5401113,2.780116,2.5250206,0.24000478,2.5250206,-0.015090704,2.4914434,2.7959728,2.505208,0.30452943,2.505208,0.01376462,2.5016413,2.8048434,2.5724714,0.30320215,2.5724714,0.07083011,3.1442575,3.3806999,3.1905663,0.23644233,3.1905663,0.046308756,1.272070296458824,1.2654190683678328,1.2489356918068426,-0.006651228090991168,1.2489356918068426,-0.02313460465198136,2.031824381095994,2.5354359394657435,2.164777076211356,0.5036115583697494,2.164777076211356,0.13295269511536167,1.2246538,1.5624923,1.3125085,0.3378384,1.3125085,0.087854624
paternity,train,100,100,100,0.21999999999999997,3.0521708,2.9736667,2.9921203,-0.078504086,2.9921203,-0.060050488,3.1173565,2.9793758,3.0337276,-0.1379807,3.0337276,-0.08362889,3.3746755,3.195074,3.2512915,-0.17960143,3.2512915,-0.123384,3.287694,3.1038983,3.2118537,-0.18379569,3.2118537,-0.075840235,1.339251007447025,1.3109048277831774,1.3176318171883818,-0.02834617966384756,1.3176318171883818,-0.021619190258643117,2.513542869749286,2.35284662813423,2.4760520659526053,-0.16069624161505613,2.4760520659526053,-0.037490803796680794,3.0000753,3.587738,3.3160055,0.5876627,3.3160055,0.31593013
epicenter,train,100,100,100,0.71,2.8918939,3.123451,2.9502227,0.23155713,2.9502227,0.058328867,2.8386064,3.0910687,2.9290895,0.2524624,2.9290895,0.09048319,3.2164283,3.4483666,3.284725,0.23193836,3.284725,0.06829667,3.3522625,3.50476,3.3944232,0.15249753,3.3944232,0.04216075,1.22423459874864,1.250683482952801,1.2143407558463206,0.026448884204161027,1.2143407558463206,-0.009893842902319427,2.262411759811828,2.6353211041521742,2.3815882810513864,0.3729093443403464,2.3815882810513864,0.11917652123955857,2.1083157,2.7115853,2.1589367,0.6032696,2.1589367,0.050621033
bunker,train,92,100,100,0.6195652173913043,2.8290143,3.0319934,2.8501434,0.20297909,2.8501434,0.021129131,2.9815443,3.0999136,2.9866946,0.11836934,2.9866946,0.005150318,3.2011251,3.2601104,3.161205,0.058985233,3.161205,-0.03992009,3.2908373,3.3105602,3.2714336,0.019722939,3.2714336,-0.019403696,1.243976082786781,1.2936366420362355,1.2559557037787985,0.04966055924945456,1.2559557037787985,0.011979620992017548,2.386479271939062,2.670742819347516,2.4531090142131693,0.28426354740845383,2.4531090142131693,0.06662974227410734,2.2697048,3.1273699,2.33305,0.85766506,2.33305,0.063345194
gaza,test,98,100,100,0.6020408163265306,2.7713442,2.9933755,2.773265,0.22203135,2.773265,0.0019207001,2.634778,2.9450288,2.577702,0.31025076,2.577702,-0.057075977,2.5587018,2.9186313,2.5537367,0.35992956,2.5537367,-0.004965067,3.0627406,3.2791955,3.0640218,0.21645498,3.0640218,0.0012812614,1.290615405823258,1.2741354181976505,1.2611720862182731,-0.01647998762560743,1.2611720862182731,-0.029443319604984808,2.1793803061578867,2.5774773586099826,2.157246478476104,0.3980970524520959,2.157246478476104,-0.022133827681782847,1.4490148,2.4484994,1.7979913,0.99948466,1.7979913,0.3489765
mask,train,98,100,100,0.7653061224489796,2.9853082,3.0557444,2.9631906,0.07043624,2.9631906,-0.022117615,2.9303625,3.0726576,2.896233,0.14229512,2.896233,-0.03412938,3.1658318,3.2573812,3.146998,0.0915494,3.146998,-0.018833876,3.2003841,3.320706,3.2185805,0.12032175,3.2185805,0.018196344,1.3312793853627656,1.2947546805182026,1.3015794484571215,-0.03652470484456294,1.3015794484571215,-0.029699936905644098,2.3226343992103087,2.5444287743528022,2.2821735316243923,0.22179437514249356,2.2821735316243923,-0.04046086758591638,1.6788492,2.9008615,1.9319297,1.2220123,1.9319297,0.2530805
frisk,train,90,100,100,0.5444444444444445,2.7187023,3.1031182,2.754281,0.38441586,2.754281,0.035578728,2.5163448,3.1291647,2.5640378,0.6128199,2.5640378,0.047693014,2.2811077,3.1185067,2.4196465,0.837399,2.4196465,0.13853884,3.161326,3.408598,3.2573602,0.24727201,3.2573602,0.09603429,1.3008093865125898,1.458895522811004,1.2624406199435523,0.15808613629841428,1.2624406199435523,-0.03836876656903754,1.9720486902119807,2.584895767946788,2.0958678740055157,0.6128470777348072,2.0958678740055157,0.12381918379353496,2.119099,3.4255953,2.383473,1.3064964,2.383473,0.26437402
